id,fna,gna,nam,tip,act,dir,bar,com,tel,ema,web,fab,ins,sag,geometry
4,Club Agrupacion San Jorge,Club,Agrupacion San Jorge,Sede,Boxeo - Fútbol Femenino - Fútbol Infantil - Gimnasio de Musculación - Aeróbica - Actividades Culturales,Vilela 3340,Saavedra,12,4542-0585,,,,2 Canchas de Cesped y Tierra - Cancha Polideportiva de Cemento - Natatorio descubierto - Solarium Recreativo - Parrillas - Sum,Secretaría de Deportes,POINT (18494.2563618741 78872.7673515932)
6,Club Aleman de Equitacion,Club,Aleman de Equitacion,Sede,Volteo - Equitacion - Salto,Dorrego Av. 4045,Palermo,14,4772-6289,caehipico@hotmail.com,www.clubalemandeequitacion.com,club alemán de equitación,Pistas - Caballerizas - Pista Cubierta - Natatorio - Boxes - Parque - Vallas - Confiterias - Salon de Eventos,Secretaría de Deportes,POINT (24270.199046163518 77348.60130047212)
8,Club Almagro Asociacion Civil,Club,Almagro Asociacion Civil,Central,Básquet - Gimnasia con Aparatos - Natación - Artes Marciales - Baby Fútbol - Patín - Vóley,Medrano Av. 522,Almagro,5,5408-0053,info@clubalmagro.com.ar,www.clubalmagro.com.ar,almagro  equipo deportivo,"1 Cancha Futsal - 3 Salones - Natatorio - Tambien Estadio 3 de Febrero Situado en la Localidad Argentina de José Ingenieros, en el Partido de Tres de Febrero, en la Provincia de Buenos Aires",Secretaría de Deportes,POINT (23848.45282553129 72750.07432018532)
16,Club Asociacion Atletica Argentinos Juniors Estadio Diego Armando Maradona,Club,Asociacion Atletica Argentinos Juniors Estadio Diego Armando Maradona,Estadio,Colonia de Vacaciones - Fútbol,Gavilan 2151,Villa Gral. Mitre,11,4581-1243,,https://www.argentinosjuniors.com.ar/,https://www.facebook.com/aaajoficial,Estadio - Museo,Secretaría de Deportes,POINT (19108.499338660953 72550.35318694686)
17,Club Asociacion Atletica Argentinos Juniors Central Polideportivo las Malvinas,Club,Asociacion Atletica Argentinos Juniors Central Polideportivo las Malvinas,Central,Bochas - Básquet - Boxeo - Colonia de Vacaciones - Escuela de Fútbol - Gimnasia - Hándball - Hockey Sobre Patínes - Judo - Natación - Patín - Taekwondo - Vóley - Yoga,Punta Arenas 1271,Paternal,15,4551-6887 / 4552-5603,,https://www.argentinosjuniors.com.ar/,https://www.facebook.com/aaajoficial,"Pista de Patin, 4 Natatorios (2 Cubiertos), Gimnasio para Box, Canchas de Bochas, Canchas de Paddle, Cancha de Handball, Cancha de Hockey, Cancha de Basquet, Cancha de Fútbol.",Secretaría de Deportes,POINT (19412.692452663952 74223.6913034972)
18,Club Asociacion Atletica Argentinos Juniors Estadio Microestadio Malvinas Argentinas,Club,Asociacion Atletica Argentinos Juniors Estadio Microestadio Malvinas Argentinas,Estadio,,Gutenberg 350,Paternal,15,4552-5603/4551-6887,,https://www.argentinosjuniors.com.ar/,https://www.facebook.com/aaajoficial,,Secretaría de Deportes,POINT (19251.272414212974 74144.60869822682)
19,Club Asociacion Atletica Argentinos Juniors Anexo Deportivo Complejo Futbolistico,Club,Asociacion Atletica Argentinos Juniors Anexo Deportivo Complejo Futbolistico,Anexo Deportivo,Colonia de Vacaciones - Fútbol,Lafuente Av. 2105,Villa Soldati,8,,,https://www.argentinosjuniors.com.ar/,https://www.facebook.com/aaajoficial,"Complejo Futbolístico: Centro de entrenamiento y Formación del Futbol Amateur (C.E.F.F.A.) un Predio de Primer Nivel. de Lunes A Viernes Asisten Más de 350 Chicos, desde la Reserva Hasta las Categorías Menores de Infantiles. el Personal Se Compone de",Secretaría de Deportes,POINT (21172.08749287245 67297.1734114479)
22,Club Asociacion Bancaria,Club,Asociacion Bancaria,Sede Administrativa,Ajedrez - Básquet - Bowling - Fútbol - Golf - Pesca - Tenis - Tiro - Vóley,"Maipu 62, 3º 0f 17",San Nicolas,1,4343-6126 / 4342-2117,abadargentina@gmail.com,www.abadargentina.com.ar,asociacion bancaria argentina de deportes,"Sin Instalaciones, Utilizan Instalaciones de Asociaciones y Clubes Miembros",Secretaría de Deportes,POINT (27947.040530066115 72418.73940034326)
33,Club Asociacion Civil Sin Fines de Lucro Golf Lagos de Palermo,Club,Asociacion Civil Sin Fines de Lucro Golf Club Lagos de Palermo,Sede,Golf,"Tornquist, Ernesto Av. 6397",Palermo,14,4774-5108,,,,Campo de Golf,Secretaría de Deportes,POINT (22633.36654523805 77874.0752093707)
38,Club Asociacion Cristiana de Jovenes de La Republica Argentina Sede Parque,Club,Asociacion Cristiana de Jovenes de La Republica Argentina Sede Parque,Sede,Aerolocal y Acuática - Aikido - Aquafitness - Aquagym - Aquamoving - Básquet Femenino - Básquet Masculino - Bicicleta - Boxeo Recreativo - Buceo - Circuit - Colonia de Vacaciones - Escalada en Roca - Escuela de Natación Adultos - Escuela de Natación,Lafuente Av. 2480,Villa Soldati,8,4918-3244,ymca@ymca.org.ar,www.ymca.org.ar,ymca argentina,3 Gimnasios - 2 Natatorios - 2 Canchas - 3 Salones,Secretaría de Deportes,POINT (21541.62822746736 67003.79885928723)
39,Club Asociacion Cristiana de Jovenes de La Republica Argentina,Club,Asociacion Cristiana de Jovenes de La Republica Argentina,Central,Básquet - Colonia de Vacaciones - Curso de Guardavida - Cursos de Buceo - Escalada en Roca - Folklore - Fútbol - Gimnasia - Golf - Natación - Pesas - Tango - Vóley,Reconquista 439,San Nicolas,1,4311-4785,ymca@ymca.org.ar,www.ymca.org.ar,ymca argentina,3 Gimnasios - 2 Natatorios - 2 Canchas - 3 Salones,Secretaría de Deportes,POINT (28350.566000520295 72943.81406631513)
40,Club Asociacion Cultural y Deportiva Barkojba,Club,Asociacion Cultural y Deportiva Barkojba,Sede Administrativa,Fútbol - Fútsal - Gimnasia - Hockey - Tenis,"Cordoba Av. 3621, 1º B",Palermo,14,4862-6204,administracion@barkojba.com,www.barkojba.com,,3 Canchas - 2 Salones - 1 Natatorio,Secretaría de Deportes,POINT (24188.213260954904 73507.95855357253)
43,Club Asociacion de Fomento Edilicia y Cultural Coronel Cardenas,Club,Asociacion de Fomento Edilicia y Cultural Coronel Cardenas,Sede,Baby Fútbol - Danza - Danza Árabe - Folklore - Fútbol - Fútbol Femenino - Patín - Tango,"Cardenas, Cnel. Av. 2910",Mataderos,9,4686-3465,,,,2 Natatorios - 1 Cancha - 3 Salones,Secretaría de Deportes,POINT (16620.890456276826 65523.882950661355)
48,Club Asociacion Scholem Aleijem,Club,Asociacion Scholem Aleijem,Anexo Deportivo,Básquet Masculino - Fútbol de Campo - Fútsal - Gimnasia Deportiva - Taekwondo - Vóley Femenino - Vóley Masculino,Maturin 2455,Paternal,15,4582-5719,administracion@sholem.org.ar,www.sholem.org.ar,,Salones - Canchas,Secretaría de Deportes,POINT (20204.18571779084 73274.2468277124)
49,Club Asociacion Urquiza Tenis (Antes Asociacion Atletico Urquiza),Club,Asociacion Urquiza Tenis Club (Antes Asociacion Club Atletico Urquiza),Sede,Bochas - Karate - Tenis,Caracas 4935,Villa Pueyrredon,12,4573-3501,utc@fibertel.com.ar,,,"1 Cancha de Bochas, 1 de Fútbol 5, 1 Salon, Natatorio, 5 Canchas de Tenis (4 de Polvo de Ladrillo y una de Cemento)",Secretaría de Deportes,POINT (16910.717286687137 75461.88216740731)
241,Club Buenos Aires Lawn Tennis Club Estadio Billoch Caride,Club,Buenos Aires Lawn Tennis Club Estadio Billoch Caride,Estadio,Bridge - Escuela Argentina de Árbitros de Tenis - Escuela de Tenis - Fútbol - Gimnasio - Natación - Tenis,Olleros Av. 1510,Palermo,14,4772 0983/ 9227,secretaria@baltc.net,http://www.baltc.net/,https://www.facebook.com/buenosairesltc,1 Gimnasio-3 Salones-1 Natatorio-1 Cancha de Fútbol para 7 Jugadores - 20 Canchas de Tenis Incluyendo Estadio Central con Capacidad para 4800 Espectadores - Estacionamiento.,Secretaría de Deportes,POINT (22623.67416286996 77420.31586659761)
74,Club Catalinas Sur Asociacion,Club,Catalinas Sur Asociacion,Sede,Fútsal - Natación - Pádel,Pi Y Margall 671,Boca,4,4300-5159,,,,"2 Natatorios, 3 Canchas y 2 Salones",Secretaría de Deportes,POINT (28950.166650395528 70238.37600537344)
76,Club Centro Comunitario Kadima,Club,Centro Comunitario Kadima,Sede Administrativa,Aeróbica - Fútbol - Tenis - Yoga,"Pueyrredon, Honorio, Dr. Av. 1552, 7º C",Villa Crespo,15,4586-4829,,,,Cancha - Natatorio,Secretaría de Deportes,POINT (21292.451722600046 72858.77865750788)
88,Club Circulo Policia Federal Sede Campo Libertador,Club,Circulo Policia Federal Sede Campo Libertador,Sede,Artes Marciales - Fútsal - Hockey - Natación - Patín - Vóley,Del Libertador Av. 7801,Nuñez,13,4702-2253/9387,info@cpf.org.ar,www.cpf.org.ar,club círculo policía federal,4 Natatorios (1 Cubierto) - 2 Canchas - 4 Salones,Secretaría de Deportes,POINT (20133.65797991005 79620.92785297522)
89,Club Circulo Policia Federal,Club,Circulo Policia Federal,Sede Social,Artes Marciales - Fútsal - Hockey - Natación - Patín - Vóley,San Martin 353,San Nicolas,1,4394-2409,info@cpf.org.ar - cpf@iplnmail.com.ar,www.cpf.org.ar,club círculo policía federal,4 Natatorios (1 Cubierto) - 2 Canchas - 4 Salones,Secretaría de Deportes,POINT (28228.227781318034 72820.70209581363)
90,Club Circulo Policia Federal Sede Crio. Gral. R. O. Schuller,Club,Circulo Policia Federal Sede Crio. Gral. R. O. Schuller,Sede,Artes Marciales - Fútsal - Hockey - Natación - Patín - Vóley,"Calzadilla, Santiago 1350",Nuñez,13,,info@cpf.org.ar,www.cpf.org.ar,club círculo policía federal,4 Natatorios (1 Cubierto) - 2 Canchas - 4 Salones,Secretaría de Deportes,POINT (20031.15660234394 80330.70711552954)
92,Club Circulo Social Hebreo Argentino,Club,Circulo Social Hebreo Argentino,Sede,Actividades Culturales - Artes Marciales - Baby Fútbol - Básquet - Fútsal - Patín - Vóley,Avellaneda Av. 3545,Floresta,10,4671-5234,informes@csha.org.ar,www.csha.org.ar,csha una pasión,2 Canchas - 1 Salon,Secretaría de Deportes,POINT (18534.119689088035 70116.30183782864)
99,Club Atletico All Boys Estadio Estadio Islas Malvinas,Club,Atletico All Boys Estadio Estadio Islas Malvinas,Estadio,Actividades Culturales - Baby Fútbol - Básquet - Boxeo - Full Contact - Fútsal - Gimnasia Deportiva - Patín - Vóley,Alvarez Jonte Av. 4180,Monte Castro,10,4639-8688,info@caallboys.com.ar,http://www.caallboys.com.ar/,https://www.facebook.com/caallboysoficial,,Secretaría de Deportes,POINT (16756.146261763686 71442.97036597528)
100,Club Atletico All Boys,Club,Club Atletico All Boys,Anexo Deportivo,Actividades Culturales - Baby Fútbol - Básquet - Boxeo - Full Contact - Fútsal - Gimnasia Deportiva - Patín - Vóley,Chivilcoy 1951,Monte Castro,10,4639-8688,info@caallboys.com.ar,http://www.caallboys.com.ar/,https://www.facebook.com/caallboysoficial,,Secretaría de Deportes,POINT (16894.122686032268 71472.1813199977)
101,Club Atletico All Boys,Club,Club Atletico All Boys,Sede Social,Actividades Culturales - Baby Fútbol - Básquet - Boxeo - Full Contact - Fútsal - Gimnasia Deportiva - Patín - Vóley,Mercedes 1950,Monte Castro,10,4639-8688,info@caallboys.com.ar,http://www.caallboys.com.ar/,https://www.facebook.com/caallboysoficial,2 Canchas - Salones,Secretaría de Deportes,POINT (16780.457095233294 71362.08557300943)
55,Club Atlético Atlanta Estadio Don León Kolbowsky,Club,Atlético Atlanta Estadio Don León Kolbowsky,Estadio,Artes Marciales - Baby Fútbol - Básquet - Boxeo - Fútbol 11 - Fútsal - Musculación - Patín - Vóley,Humboldt 374,Villa Crespo,15,4856-5999,club_atlanta@hotmail.com,http://www.caatlanta.com.ar/,https://www.facebook.com/clubatleticoatlantaoficial,Natatorios - Salones - Canchas - Bibliotecas,Secretaría de Deportes,POINT (21356.481037122932 73789.83773675615)
36,"Club Atlético Barracas Central Estadio Claudio ""Chiqui"" Tapia",Club,"Atlético Barracas Central Estadio Claudio ""Chiqui"" Tapia",Estadio,Fútbol - Gimnasia Deportiva - Hándball - Patín - Vóley,Luna 1211,Barracas,4,4301-5855,info@barracascentral.com,http://www.barracascentral.com/,https://www.facebook.com/bcentral,Cancha - Salones - Gimnasio,Secretaría de Deportes,POINT (26130.86063542255 68015.5380073088)
103,Club Atletico Boca Juniors Estadio Alberto J. Armando,Club,Atletico Boca Juniors Estadio Alberto J. Armando,Estadio,Atletismo - Balon - Básquet - Bochas - Boxeo - Fútbol Femenino - Fútsal - Gimnasia - Judo - Karate - Lucha - Pesas - Taekwondo - Vóley,Brandsen 805,Boca,4,5777-1200,cas@bocajuniors.com.ar,http://www.bocajuniors.com.ar/,https://www.facebook.com/bocajuniors,,Secretaría de Deportes,POINT (29025.85231816901 69190.9161168341)
104,Club Atletico Boca Juniors Estadio Microestadio Luis Conde,Club,Atletico Boca Juniors Estadio Microestadio Luis Conde,Estadio,,Arzobispo Espinosa 600,Boca,4,5777-1200,,http://www.bocajuniors.com.ar/,https://www.facebook.com/bocajuniors,,Secretaría de Deportes,POINT (28936.087938717992 69689.17183631253)
106,Club Atletico Defensores de Belgrano Estadio Juan Pasquale,Club,Atletico Defensores de Belgrano Estadio Juan Pasquale,Estadio,Boxeo - Fútbol - Gimnasia - Natación - Pesas,"Rivadavia Martin, Comodoro 1450",Nuñez,13,4702-8967,info@defeweb.com.ar - institucional@defeweb.com.ar,http://www.defeweb.com.ar/,https://www.facebook.com/pages/defensores-de-belgrano/181270058574986,Natatorio - Cancha de Fútbol - Salon,Secretaría de Deportes,POINT (20139.05957674076 79862.66525075871)
107,Club Atletico Estudiantes,Club,Club Atletico Estudiantes,Anexo Administrativo,Fútbol - Fútbol Femenino - Hándball - Karate - Patín - Taekwondo,"Beiro, Francisco Av. 5175",Villa Devoto,11,4568-5510,caestudiantes@yahoo.com.ar,www.caestudiantes.com.ar,,Gimnasio,Secretaría de Deportes,POINT (14505.473012477449 71845.89464515471)
207,Club Atlético Excursionistas Estadio Coliseo del Bajo Belgrano,Club,Atlético Excursionistas Estadio Coliseo del Bajo Belgrano,Estadio,Baby Fútbol - Boxeo - Fútbol Femenino - Fútsal (Afa) - Patín Artístico - Tenis,La Pampa 1376,Belgrano,13,4788-8007,,http://www.excursionistas.org.ar/,https://www.facebook.com/excursiooficial,Natatorios,Secretaría de Deportes,POINT (21793.60653108266 77806.9541761854)
56,Club Atlético Huracán Estadio Tomás Adolfo Ducó,Club,Atlético Huracán Estadio Tomás Adolfo Ducó,Estadio,Actividades Culturales - Básquet - Boxeo - Colonia de Vacaciones - Fútbol Amateur - Fútbol Profesional - Fútsal - Gimnasia Aeróbica - Gimnasia Artística - Hándball - Hockey Sobre Césped - Hockey Sobre Patínes - Natación - Patín - Taekwondo - T,"Alcorta, Amancio Av. 2570",Parque Patricios,4,4911-9313/0757,,http://www.cahuracan.com/,https://www.facebook.com/cahuracan,"Estadio Tomas A. Ducó, Llamado Así por Quien Fue el Impulsor de Su Construcción, Fue declarado por la Legislatura Como Patrimonio Histórico y de defensa Estructural de la Ciudad de Buenos Aires, en el Año 2007 Bajo el Número de Expediente 62.548. /",Secretaría de Deportes,POINT (26065.806603887693 68451.5873487011)
57,Club Atlético Huracán Anexo Deportivo La Quemita,Club,Atlético Huracán Anexo Deportivo La Quemita,Anexo Deportivo,Actividades Culturales - Básquet - Boxeo - Colonia de Vacaciones - Fútbol Amateur - Fútbol Profesional - Fútsal - Gimnasia Aeróbica - Gimnasia Artística - Hándball - Hockey - Natación - Patín - Taekwondo - Tango - Vóley,"Acosta, Mariano 1981",Flores,7,4637-6395,,http://www.cahuracan.com/,https://www.facebook.com/cahuracan,"la Quemita, Cuenta con 8 Canchas de Fútbol, en las Cuales entrenan el Primer Equipo y las Divisiones Inferiores, Que También Juegan Sus Partidos de Local Allí. entre Otras Instalaciones, Se encuentran: una Cancha de Hockey Sobre Césped, Cancha de Ten",Secretaría de Deportes,POINT (20215.5884223088 67554.26665747106)
58,Club Atlético Huracán,Club,Club Atlético Huracán,Sede Social,Actividades Culturales - Básquet - Boxeo - Colonia de Vacaciones - Fútbol Amateur - Fútbol Profesional - Fútsal - Gimnasia Aeróbica - Gimnasia Artística - Hándball - Hockey Sobre Césped - Hockey Sobre Patínes - Natación - Patín - Taekwondo - T,Caseros Av. 3159,Parque Patricios,4,4911-9313/4719/6713,,http://www.cahuracan.com/,https://www.facebook.com/cahuracan,,Secretaría de Deportes,POINT (25027.583898786976 69092.49254791456)
109,Club Atletico Independiente,Club,Club Atletico Independiente,Sede,Baby Fútbol - Danza - Fútsal - Taekwondo,Boyaca Av. 470,Flores,7,4633-5499 / 4633-7527,boyaca@clubaindependiente.com,www.clubaindependiente.com,club atlético independiente equipo deportivo,Dos Vestuarios y un Baño para Discapacitados - Buffet con Patio de Comidas - Dos Canchas de Fútbol 5 para la Escuela de Fútbol.,Secretaría de Deportes,POINT (20271.481756423465 70831.98620549079)
254,Club Atlético Nueva Chicago,Club,Club Atlético Nueva Chicago,Central Sede Social,Ajedrez - Árabe - Artes Marciales - Baby Fútbol - Básquet - Colonia de Vacaciones - Fútbol - Fútbol Femenino - Fútsal - Gimnasia - Hockey - Natación - Patín Artístico - Tango - Vóley,"De La Torre, Lisandro Av. 2288",Mataderos,9,4687-2538/1673,,http://canuevachicago.com.ar,https://www.facebook.com/prensanuevachicago,"Salones, Canchas y Natatorio Climatizado",Secretaría de Deportes,POINT (16477.823609304272 66477.44972100104)
255,Club Atlético Nueva Chicago Estadio República de Mataderos,Club,Atlético Nueva Chicago Estadio República de Mataderos,Estadio,Ajedrez - Árabe - Artes Marciales - Baby Fútbol - Básquet - Colonia de Vacaciones - Fútbol - Fútbol Femenino - Fútsal - Gimnasia - Hockey - Natación - Patín Artístico - Tango - Vóley,"Suarez, Justo Antonio 6900",Mataderos,9,4687-2538,,http://canuevachicago.com.ar,https://www.facebook.com/prensanuevachicago,"Salones, Canchas y Natatorio Climatizado",Secretaría de Deportes,POINT (16609.43151659967 65742.90371019895)
256,Club Atlético Obras Sanitarias de la Nación Sede Social (Sportclub),Club,Atlético Obras Sanitarias de la Nación Sede Social (Sportclub),Sede Social,Básquet - Básquet Federativo - Colonia de Vacaciones - Escuelita de Fútbol (EFI) - Fútbol - Hockey - Juegos - Nado Sincronizado - Natación - Rugby - Taekwondo - Tenis de Mesa - Ajedrez - Vóley Veteranos,Paraguay 2060,Recoleta,2,4702-4655/9467,secretariaclub@clubosn.com.ar,http://www.obrasclub.com.ar/,https://www.facebook.com/clubobras,Canchas de Tenis - Microestadio - Cancha de Voley - Cancha de Basquet - Gimnasio - Natatorio,Secretaría de Deportes,POINT (26114.933531200244 73378.36123958539)
257,Club Atlético Obras Sanitarias de la Nación Estadio Estadio Obras,Club,Atlético Obras Sanitarias de la Nación Estadio Estadio Obras,Estadio,Tenis de Mesa - Ajedrez - Básquet - Básquet Federativo - Colonia de Vacaciones - Escuelita de Fútbol (EFI) - Fútbol - Hockey - Juegos - Nado Sincronizado - Natación - Rugby - Taekwondo - Vóley Veteranos,Del Libertador Av. 7395,Nuñez,13,4702-4655/4702-9467,secretariaclub@clubosn.com.ar,http://www.obrasclub.com.ar/,https://www.facebook.com/clubobras,Canchas de Tenis - Microestadio - Cancha de Voley - Cancha de Basquet - Gimnasio - Natatorio,Secretaría de Deportes,POINT (20422.7656495861 79311.21917683266)
112,Club Atletico Platense Anexo Deportivo Alejandro Mariani Dólan,Club,Atletico Platense Anexo Deportivo Alejandro Mariani Dólan,Anexo Deportivo,Fútbol - Tenis - Vóley,"Larralde, Crisologo Av. 5195",Saavedra,12,4545-8358,,www.cap.org.ar/,,4 Canchas,Secretaría de Deportes,POINT (17158.057757534316 77437.7595161055)
113,Club Atletico River Plate Estadio Microestadio River Plate,Club,Atletico River Plate Estadio Microestadio River Plate,Estadio,,"Figueroa Alcorta, Pres. Av. 7597",Belgrano,13,4789 1200,,http://www.cariverplate.com.ar/,https://www.facebook.com/riverplateoficial,,Secretaría de Deportes,POINT (21346.52558307781 79189.54627330636)
114,Club Atletico River Plate Estadio Monumental Antonio Vespucio Liberti,Club,Atletico River Plate Estadio Monumental Antonio Vespucio Liberti,Estadio,Cestoball - Fútbol Femenino - Fútsal - Gimnasia - Hándball - Hockey - Natación - Tenis - Vóley - Waterpolo - Básquet,"Figueroa Alcorta, Pres. Av. 7597",Belgrano,13,(54 11) 4789 1200,club@cariverplate.com.ar,http://www.cariverplate.com.ar/,https://www.facebook.com/riverplateoficial,,Secretaría de Deportes,POINT (21277.864866538723 79179.89127670175)
115,Club Atletico San Lorenzo de Almagro Estadio Pedro Bidegain,Club,Atletico San Lorenzo de Almagro Estadio Pedro Bidegain,Estadio,,"Varela Av. y Moreno, Perito Av.",Flores,7,4016-2600,,http://www.sanlorenzo.com.ar/,https://www.facebook.com/sanlorenzo,,Secretaría de Deportes,POINT (22116.427251623467 67473.85114706572)
116,Club Atletico San Lorenzo de Almagro Sede Boedo,Club,Atletico San Lorenzo de Almagro Sede Boedo,Sede,Natación - Stretching - Gimnasia - Yoga - Artes Marciales,La Plata Av. 1782,Boedo,5,4016-2600,infolaplata@sanlorenzo.com.ar,http://www.sanlorenzo.com.ar/,https://www.facebook.com/sanlorenzo,Natatorio Climatizado - Gimnasio,Secretaría de Deportes,POINT (23572.47700950784 69245.46608009697)
117,Club Atletico San Lorenzo de Almagro,Club,Club Atletico San Lorenzo de Almagro,Anexo Administrativo,,De Mayo Av. 1373,Monserrat,1,4016-2600,socios@sanlorenzo.com.ar,http://www.sanlorenzo.com.ar/,https://www.facebook.com/sanlorenzo,Venta de Merchandising,Secretaría de Deportes,POINT (27102.850019549238 72225.95517143156)
118,Club Atletico San Lorenzo de Almagro Sede Ciudad Deportiva,Club,Atletico San Lorenzo de Almagro Sede Ciudad Deportiva,Sede,Hockey Sobre Patínes - Natación - Patín - Rugby - Tenis - Vóley Femenino - Vóley Masculino - Básquet - Bowling - Fútbol Femenino - Fútbol Recreativo - Fútsal - Hockey Sobre Césped,"Fernandez De La Cruz, F., Gral. Av. 2145",Flores,7,4918-8192,infociudad@sanlorenzo.com.ar,http://www.sanlorenzo.com.ar/,https://www.facebook.com/sanlorenzo,"Sector de Quinchos y Parrillas - Zona de Tres Grandes Natatorios, Uno Climatizado - Cancha de Fútbol Profesional con Medidas Reglamentarias de 100x70 - 6 Canchas para Fútbol Amateur - Cancha de Hockey Sobre Patines - Cancha de Hockey Sobre Cesped - Can",Secretaría de Deportes,POINT (22631.83444975199 67436.1103932473)
119,Club Atletico Velez Sarsfield Estadio José Amalfitani,Club,Atletico Velez Sarsfield Estadio José Amalfitani,Estadio,Fútbol Profesional - Actividades Culturales - Aerobismo - Ajedrez - Atletismo - Básquet - Béisbol - Bocchia - Bochas - Cestoball - Ciclismo - Fútbol Amateur - Gimnasia Acrobática - Gimnasia Aeróbica - Gimnasia Artística - Gimnasia Integral - Gimna,"Justo, Juan B. Av. 9200",Liniers,9,(54-11) 4641-5653/5763/4014,velezsocios@velezsarsfield.com.ar,http://www.velezsarsfield.com.ar/,https://www.facebook.com/velezsarsfield,"Estadio Amalfitani con Capacidad 49.540 Espectadores. Salón Bajo Oeste: Gimnasio de 35 X 15 M. Pileta de Natación: Invierno: Pileta C/Globo. Verano: Pileta Olímpica (50 X 25 M) y Pileta de 25 X 16 M, Terraza Solarium,Solarium Parquizado y confitería",Secretaría de Deportes,POINT (14855.107148597028 69489.80218575538)
120,Club Atletico Velez Sarsfield Anexo Deportivo Polideportivo,Club,Atletico Velez Sarsfield Anexo Deportivo Polideportivo,Anexo Deportivo,Actividades Culturales - Aerobismo - Ajedrez - Atletismo - Básquet - Béisbol - Bocchia - Bochas - Cestoball - Ciclismo - Fútbol Amateur - Fútbol Profesional - Gimnasia Acrobática - Gimnasia Aeróbica - Gimnasia Artística - Gimnasia Integral - Gimna,"Justo, Juan B. Av. 8900",Liniers,9,4641-5663/5763/4014,velezsocios@velezsarsfield.com.ar,http://www.velezsarsfield.com.ar/,https://www.facebook.com/velezsarsfield,"Complejo Acuático de Vélez Sarsfield: el Complejo Acuático Posee Dos Natatorios (uno de los Cuales Es Semi Olímpico) de 12.50m X 25.00m, Cuya Superficie Es de 312.50m3 Cada uno. las Profundidades de los Mismos Son de 1.20m A 1.40m y de 1.80m A 2.00m.",Secretaría de Deportes,POINT (15358.281121712269 69513.0239116706)
122,Club Centro Naval Sede Nuñez,Club,Centro Naval Sede Nuñez,Sede,Rugby - Náutica - Hockey,"Rivadavia Martin, Comodoro y Del Libertador Av.",Nuñez,13,4701-4795 y 4704-9272,sede.nunez@centronaval.org.ar,www.centronaval.org.ar,,"Amarraderos - 2 Canchas de Hockey de Césped Sintético y 2 Canchas de Mini-Hockey - 5 Canchas Reglamentarias de Rugby, 4 de Ellas Provistas de Torres de Iluminación para Entrenamiento Nocturno y 3 Canchas de Mini-Rugby.",Secretaría de Deportes,POINT (20393.342353653465 80268.61017313863)
123,Club Ciudad de Buenos Aires,Club,Club Ciudad de Buenos Aires,Sede,Esgrima - Folklore - Fútbol - Golf - Hockey - Hockey Sobre Patínes - Judo - Karate - Merengue - Musculación - Natación - Pádel - Pelota Paleta - Rugby - Salsa - Tango - Tenis - Vóley - Softbol - Bochas - Colonia de Vacaciones,Del Libertador Av. 7501,Nuñez,13,4703-0222,comunicacion@clubciudad.org.ar,www.clubciudad.org.ar,club ciudad de buenos aires - oficial,Canchas de Tenis - Canchas de Paddle - 4 Piletas (1 Cubierto) - Canchas de Hockey y Hockey Sobre Patines - Canchas de Fútbol - Canchas de Voley - Gimnasios - Cancha de Rugby - Cancha de Softbol - Cancha de Bochas - Cancha de Pelota-Paleta,Secretaría de Deportes,POINT (20333.50857800074 79396.61286617082)
124,Club Comunicaciones Estadio Alfredo Ramos,Club,Comunicaciones Estadio Alfredo Ramos,Estadio,,"Cortazar, Julio y Tinogasta",Agronomia,15,4504-5454,,http://www.clubcomunicaciones.com.ar/,https://www.facebook.com/clubcomunicacionesoficial,,Secretaría de Deportes,POINT (17692.94374175124 73896.28521525688)
125,Club Comunicaciones,Club,Club Comunicaciones,Central,Básquet - Béisbol - Fútbol Afa - Fútsal - Gimnasia Artística - Hándball - Hockey Sobre Césped - Baby Fútbol - Lucha - Musculación - Patín - Pelota Paleta - Taekwondo - Vóley - Hockey Sobre Patínes,San Martin Av. 5123,Agronomia,15,4502-9493,administracion@clubcomunicaciones.com.ar,http://www.clubcomunicaciones.com.ar/,https://www.facebook.com/clubcomunicacionesoficial,4 Canchas de Fútbol - 16 Canchas de Tenis - 2 Canchas de Rugby - Cancha de Basquet - Natatorio - Salones,Secretaría de Deportes,POINT (17492.335750228216 73574.87215850392)
128,Club de Amigos,Club,Club de Amigos,Sede,Básquet - Fitness - Fútbol - Gimnasia - Hockey - Natación - Artes Marciales - Rugby - Tenis - Vóley,"Figueroa Alcorta, Pres. Av. 3885",Palermo,14,4802-3058 / 4807-4035  / 4801-1213,info@clubdeamigos.org.ar,www.clubdeamigos.org.ar,club de amigos,Canchas - Gimnasio - Natatorios,Secretaría de Deportes,POINT (24791.332903123 76366.74498290954)
130,Club de Gimnasia y Esgrima de Velez Sarsfield,Club,Club de Gimnasia y Esgrima de Velez Sarsfield,Sede,Taekwondo - Baby Fútbol - Folklore - Fútsal - Gimnasia - Gimnasio - Patín,"Gonzalez, Joaquin V. 1511",Villa Santa Rita,11,4567-6971,,,,1 Cancha - 2 Salones,Secretaría de Deportes,POINT (17605.96738917239 71132.81347380897)
135,Club Deportivo Español Estadio Estadio Nueva España,Club,Deportivo Español Estadio Estadio Nueva España,Estadio,,Santiago De Compostela Av. 3801,Parque Avellaneda,9,4619-1515/1516,,http://www.cde.com.ar/,https://www.facebook.com/pages/club-deportivo-espa%c3%b1ol-oficial/165965500136401?fref=ts,,Secretaría de Deportes,POINT (19888.43115753685 66827.34654684854)
136,Club Deportivo Español,Club,Club Deportivo Español,Anexo Deportivo,Actividades Culturales - Artes Marciales - Baby Fútbol - Danza - Fútsal - Patín - Vóley,"Dellepiane, Luis, Tte. Gral. y Escalada Av.",Villa Lugano,8,S/T,clubespañol@speedy.com.ar,http://www.cde.com.ar/,https://www.facebook.com/pages/club-deportivo-espa%c3%b1ol-oficial/165965500136401?fref=ts,,Secretaría de Deportes,POINT (19124.61512863757 66290.54147508729)
137,Club Deportivo Español,Club,Club Deportivo Español,Sede Administrativa,Artes Marciales - Baby Fútbol - Danza - Fútsal - Patín - Vóley - Actividades Culturales,"Alvarez, Crisostomo 3932",Parque Avellaneda,9,4637-6903,clubespañol@speedy.com.ar,http://www.cde.com.ar/,https://www.facebook.com/pages/club-deportivo-espa%c3%b1ol-oficial/165965500136401?fref=ts,,Secretaría de Deportes,POINT (19561.429628484224 67101.9827910353)
138,Club Ferrocarril Oeste,Club,Club Ferrocarril Oeste,Sede Social,Ajedrez - Béisbol - Folklore - Fútbol - Gimnasia - Gimnasia Deportiva - Vóley - Básquet - Hándball - Hockey - Judo - Natación - Taekwondo - Tenis - Tenis de Mesa,"Garcia Lorca, Federico 350",Caballito,6,4431-8282,informesocios@ferrocarriloeste.org.ar  -  ferrocar@fibertel.com.ar,http://www.ferrocarriloeste.org.ar/,https://www.facebook.com/ferrooficial,7 Gimnasios - Cancha de Beisbol - 2 Natatorios - 10 Canchas de Tenis - Salon de Taekwondo - Salon de Ajedrez,Secretaría de Deportes,POINT (21613.621682355304 71261.76116680232)
139,Club Ferrocarril Oeste Estadio Hector Etchart,Club,Ferrocarril Oeste Estadio Hector Etchart,Estadio,,Avellaneda Av. 1240,Caballito,6,4431-8282,,http://www.ferrocarriloeste.org.ar/,https://www.facebook.com/ferrooficial,,Secretaría de Deportes,POINT (21327.243909479468 71191.99217691625)
140,Club Ferrocarril Oeste Estadio Arquitecto Ricardo Etcheverri,Club,Ferrocarril Oeste Estadio Arquitecto Ricardo Etcheverri,Estadio,,Avellaneda Av. 1240,Caballito,6,4431-8282,,http://www.ferrocarriloeste.org.ar/,https://www.facebook.com/ferrooficial,,Secretaría de Deportes,POINT (21432.5031764719 71185.04748520025)
142,Club Gimnasia y Esgrima de Buenos Aires (GEBA) Estadio Estadio Geba Jorge Newbery,Club,Gimnasia y Esgrima de Buenos Aires (GEBA) Estadio Estadio Geba Jorge Newbery,Estadio,Yoga Moderno - Iniciación Deportiva - Ajedrez - Atletismo - Colonia de Vacaciones - Flexibilidad - Gimnasia Aeróbica - Gimnasia Localizada - Indoor Cycling - Localizada - Localizada e Intensa - Mini Geba (MultiDeportivas) - Musculación - Natación - P,"Freyre, Marcelino E., Cnel. Av. 3831, Av. Dorrego 3600",Palermo,14,4382-0031/34,info@geba.org.ar,http://www.portaldegeba.com/,https://www.facebook.com/clubdegimnasiayesgrima,6 Canchas de Tenis de Polvo de Ladrillo - 1 Frontón - 1 Cancha de Basquet de Cemento Apta Además para Fútbol 5 - 1 Cancha de Basquet de Polvo de Ladrillo - 1 Playón Multiuso / Cancha Sintético de Mini Fútbol - 1 Estadio con Capaciad para 12.000 Esp,Secretaría de Deportes,POINT (23930.35944898641 76712.39272956992)
143,Club Gimnasia y Esgrima de Buenos Aires (GEBA) Sede San Martin,Club,Gimnasia y Esgrima de Buenos Aires (GEBA) Sede San Martin,Sede,Aeróbico y Latino - Ajedrez - Básquet - Colonia de Vacaciones - Deport Training - Flexibilidad - Fútbol Campeonato Interno - G.A.P. - Gimnasia Acrobática - Gimnasia Aeróbica - Gimnasia Artística Femenina - Gimnasia Localizada - Gimnasio de Musculac,"Figueroa Alcorta, Pres. Av. 5575",Palermo,14,Conmutador: 4788-8400/3303/5073,info@geba.org.ar,http://www.portaldegeba.com/,https://www.facebook.com/clubdegimnasiayesgrima,24 Canchas de Tenis de Polvo de Ladrillo - 2 Canchas de Tenis de Cemento - 7 Canchas de Voleibol (Tipo Playón) - 6 Canchas de Minivoley - 3 Canchas de Fútbol 11 - 3 Canchas de Fútbol Sintético - 3 Piletas con Más de 700 M2 y de Distintas Profundidad,Secretaría de Deportes,POINT (23428.664877187708 77668.47606655247)
144,Club Gimnasia y Esgrima de Buenos Aires (GEBA) Central Dr. R. C. Aldao,Club,Gimnasia y Esgrima de Buenos Aires (GEBA) Central Dr. R. C. Aldao,Central,Acondicionamiento Físico - Aikido - Ajedrez - Básquet - Body Combat - Body Pump - Boxeo - Bridge - Colonia de Vacaciones - Danesa - Danza Jazz - Esgrima - Esgrima de Bastón - Flexibilidad - Fútbol Societario - Gimnasia Aeróbica - Gimnasia Artística,"Mitre, Bartolome 1149, Tte. Gral. J. D. Peron 1154",San Nicolas,1,4382-4395/ 0031,info@geba.org.ar,http://www.portaldegeba.com/,https://www.facebook.com/clubdegimnasiayesgrima,"1 Gran Gimnasio de 50 X 24 M. con una Cancha de Voley y una de Basquet Aptas para Alta Competencia, con Galería Superior Perimetral Adecuada para Running - 2 Gimnasios Aptos para Entrenamientos y Práctica de Voley y Basquet Infantil, y Uno de Ellos par",Secretaría de Deportes,POINT (27386.796606092277 72444.07062949018)
146,Club Hipico Argentino,Club,Club Hipico Argentino,Sede,Escuela de Equitación - Gimnasia - Hipismo - Natación,"Figueroa Alcorta, Pres. Av. 7285",Belgrano,13,4787-1003,,www.clubhipicoargentino.org.ar,,"1 Pista de Césped, Caballerizas para 300 Equinos, Varias Pistas de Arena, y un Picadero Cubierto con Capacidad para 5000 Espectadores. Otras Comodidades Son: una Importante Sede Social, una Pileta Olímpica, un Gimnasio y Solarium.",Secretaría de Deportes,POINT (21644.219727826134 79113.17964707925)
152,Club Nautico Hacoaj,Club,Club Nautico Hacoaj,Sede,Fútbol 5 - Gimnasia - Gimnasia Deportiva - Hándball - Patín - Vóley,Estado De Israel Av. 4156,Almagro,5,4863-2121,hacoaj@hacoaj.org.ar,www.hacoaj.org.ar,club náutico hacoaj - sitio oficial organización sin fines de lucro,2 Gimnasios Cubiertos Dobles - 1 Gimnasio de Entrenamiento - 1 Gimnasio de Capacitación - 2 Salones de Usos Múltiples - Confitería - Tatami de Judo - Aulas - Salones de Reunión - Oficinas Administrativas y de Gestión,Secretaría de Deportes,POINT (23585.218108558533 73465.96842565888)
155,Club Racing de Villa del Parque,Club,Club Racing de Villa del Parque,Sede,Atletismo - Básquet - Fútbol Infantil - Fútsal Femenino - Fútsal Masculino - Gimnasia Artística - Judo - Patín Artístico - Sipalki Do - Taekwondo - Vóley Femenino,Nogoya 3045,Villa Del Parque,11,4501-9100  4504-9111  y 4502-7396,sedecapital@racingclub.com.ar,www.racingclub.com.ar,,,Secretaría de Deportes,POINT (17415.529971186344 72971.36507252292)
181,Club Universitario Buenos Aires Sede Nuñez,Club,Universitario Buenos Aires Sede Nuñez,Sede,Curso de Timonel - Fútbol - Fútbol 11 - Gimnasia - Náutica - Tenis,"Colectora Cantilo, Int. y Complejo Ciudad Universitaria (Sin Nombre Oficial)",Belgrano,13,4703-4610 ó 4703-4611,,www.cuba.org.ar,,Amarraderos.,Secretaría de Deportes,POINT (21052.22130236129 79902.3604476747)
182,Club Universitario Buenos Aires Sede Palermo,Club,Universitario Buenos Aires Sede Palermo,Sede,Esgrima - Gimnasia - Natación - Pádel - Pelota Paleta - Sala de Nautilus (Gimnasio de Pesas y Aparatos) - Squash - Taekwondo - Tenis,"Figueroa Alcorta, Pres. Av. y Roldan, Belisario Av.",Palermo,14,4774-5476 ó 4776-2992,,www.cuba.org.ar,,"Natatorio, 3 Canchas de Tenis, Cancha Cerrada de Pelota, 2 Canchas Abiertas de Pelota, Gimnasio, Vestuarios para Socios y Damas, Bar, Restaurante y Oficina Médica.",Secretaría de Deportes,POINT (24155.35624487825 77020.06034049977)
183,Club Universitario Buenos Aires,Club,Club Universitario Buenos Aires,Central,Básquet - Boxeo - Complemento de Pesas - Conciertos - Conferencias - Esgrima - Fútbol - Gimnasia - Natación - Pelota Paleta - Squash - Taekwondo - Yoga - Yudo,Viamonte 1560,San Nicolas,1,"4375-4360, lineas rotativas",,www.cuba.org.ar,,Natatorio - Biblioteca - Salon Comedor,Secretaría de Deportes,POINT (26819.957453300616 73148.04862401407)
189,Club Daom,Club,Daom,Sede,Béisbol - Colonia de Vacaciones - Hockey Sobre Césped - Natación Femenino - Natación Masculino - Patín Artístico - Rugby - Tenis - Vóley,Varela Av. 1802,Flores,7,4633-2583,,www.daom.com.ar,club daom,Gimnasios - Salones - Natatorios - Canchas - Quinchos,Secretaría de Deportes,POINT (21326.778335842635 67998.85291151764)
275,Club Deportivo Riestra Asociación de Fomento Barrio Colón,Club,Deportivo Riestra Asociación de Fomento Barrio Colón,Central,Actividades Culturales - Fútbol - Gimnasia - Merengue - Patín - Salsa - Tango - Yoga,"Del Bañado 2353, Del Bañado 2359",Nueva Pompeya,4,4918-0455,mundoriestra@hotmail.com,http://www.mundoriestra.com.ar/,https://www.facebook.com/deportivoriestra,Salones - Canchas,Secretaría de Deportes,POINT (23238.60237074319 68331.2779009264)
276,Club Deportivo Riestra Asociación de Fomento Barrio Colón Estadio Guillermo Laza,Club,Deportivo Riestra Asociación de Fomento Barrio Colón Estadio Guillermo Laza,Estadio,Gimnasia - Merengue - Patín - Salsa - Tango - Teatro - Yoga,"Varela Av. y Janer, Ana Maria",Villa Soldati,8,4921-7657 / 4918-0455,mundoriestra@hotmail.com,http://www.mundoriestra.com.ar/,https://www.facebook.com/deportivoriestra,Salones - Canchas,Secretaría de Deportes,POINT (21946.99357118489 67367.48755566988)
220,Club Golf Jose Jurado,Club,Golf Club Jose Jurado,Sede,Golf,"Roca, Cnel. Av. 5025",Villa Lugano,8,4605-4706,,,,Campo de Golf,Secretaría de Deportes,POINT (20853.52368080197 64051.393058341455)
223,Club Harrods Gath y Chaves Club,Club,Harrods Gath y Chaves Club,Sede,Bádminton - Básquet - Fútbol - Gimnasia - Hockey Sobre Césped - Hockey Sobre Patínes - Patín - Taekwondo - Tenis - Tenis de Mesa - Vóley,"Pino, Virrey Del 1480",Belgrano,13,4783-5864,info@clubharrods.com.ar,,,Cancha Fútbol 11 - Playon - 2 Salones - Gimasio - Canchas de Tenis - Natatorio,Secretaría de Deportes,POINT (21927.162742364882 77587.01015437265)
247,Club Lugano Tennis Club,Club,Lugano Tennis Club,Sede,Baby Fútbol - Hándball - Karate - Patín - Taekwondo - Teatro,Murguiondo 3915,Villa Lugano,8,4602-2019,luganotennisclub@hotmail.com,,,4 Canchas (1 de Pelota-Paleta) - 2 Salones - 1 Natatorio,Secretaría de Deportes,POINT (18522.272743029505 64994.34452192302)
252,Club Nautico Bouchardo Sede Nuñez,Club,Nautico Bouchardo Sede Nuñez,Sede,Actividades Culturales - Básquet - Fútbol - Gimnasia - Tenis - Vela - Vóley,"Rivadavia Martin, Comodoro 1250",Nuñez,13,4702-9970 / 9837,administracion@cnb.org.ar    -    secretaria@cnb.org.ar,www.cnb.org.ar,"club náutico buchardo - sede núñez
club deportivo",Juegos de Mesa. Cine debate.,Secretaría de Deportes,POINT (20255.644429478394 79999.18099616803)
258,Club Organizacion Hebrea Argentina Macabi,Club,Organizacion Hebrea Argentina Macabi,Sede,Básquet - Hándball - Natación - Patín - Vóley,Tucuman 3135,Balvanera,3,4963-8783,secretaria.general@macabi.com.ar,,,,Secretaría de Deportes,POINT (24913.541388464746 73183.99603398993)
281,Club San Telmo Anexo Deportivo Polideportivo Centenario,Club,San Telmo Anexo Deportivo Polideportivo Centenario,Anexo Deportivo,Actividades Culturales - Boxeo Federado - Clases de Tango - Escuela de Fútbol - Fútbol Femenino - Fútbol Profesional - Gimnasia Adultos - Hándball Femenino Federado - Hándball Masculino Federado - Hockey Femenino Federado - Hockey Masculino Federado,Bolivar 1257,San Telmo,1,4-300-8965 / 4-300-8902,soydetelmo@hotmail.com,www.soydetelmo.com.ar,club atletico san telmo,,Secretaría de Deportes,POINT (28283.457969737137 70735.77721478582)
282,Club San Telmo,Club,San Telmo,Anexo Deportivo,Actividades Culturales - Boxeo Federado - Clases de Tango - Escuela de Fútbol - Fútbol Femenino - Fútbol Profesional - Gimnasia Adultos - Hándball Femenino Federado - Hándball Masculino Federado - Hockey Femenino Federado - Hockey Masculino Federado,Cochabamba 657,San Telmo,1,4-300-8965 / 4-300-8902,soydetelmo@hotmail.com,www.soydetelmo.com.ar,club atletico san telmo,,Secretaría de Deportes,POINT (28102.804694092716 70674.59634391198)
283,Club San Telmo,Club,San Telmo,Central,Actividades Culturales - Boxeo Federado - Clases de Tango - Escuela de Fútbol - Fútbol Femenino - Fútbol Profesional - Gimnasia Adultos - Hándball Femenino Federado - Hándball Masculino Federado - Hockey Femenino Federado - Hockey Masculino Federado,Peru 1362,San Telmo,1,4-300-8965 / 4-300-8902,soydetelmo@hotmail.com,www.soydetelmo.com.ar,club atletico san telmo,,Secretaría de Deportes,POINT (28203.83362356236 70585.75471752993)
284,Club San Telmo Anexo Deportivo Gimnasio Centenario,Club,San Telmo Anexo Deportivo Gimnasio Centenario,Anexo Deportivo,Actividades Culturales - Boxeo Federado - Clases de Tango - Escuela de Fútbol - Fútbol Femenino - Fútbol Profesional - Gimnasia Adultos - Hándball Femenino Federado - Hándball Masculino Federado - Hockey Femenino Federado - Hockey Masculino Federado,Peru 1360,San Telmo,1,4-300-8965 / 4-300-8902,soydetelmo@hotmail.com,www.soydetelmo.com.ar,club atletico san telmo,,Secretaría de Deportes,POINT (28203.682593935562 70588.1542743061)
290,Club Sociedad Hebraica Argentina,Club,Sociedad Hebraica Argentina,Central,Ajedrez - Básquet - Fútbol 11 - Fútbol Femenino - Fútsal - Gimnasia - Golf - Hockey - Judo - Karate - Natación - Pesas - Rugby - Tenis - Tenis de Mesa - Vóley - Vóley Femenino,Sarmiento 2233,Balvanera,3,4952-5887    4953-4117/2914    4952-5880,hebraica@hebraica.org.ar,www.hebraica.org.ar,sociedad hebraica argentina - pagina oficial,Canchas - Salones - Natatorio - Gimnasios,Secretaría de Deportes,POINT (25948.42000216519 72595.42748579642)
295,Club Tenis Argentino Sede Palermo,Club,Tenis Argentino Sede Palermo,Sede,Tenis,"Alsina, Valentin Av. y Roldan, Belisario Av., detrás del planetario",Palermo,14,4772-1744/4507/9769,secretaria@tenisclubargentino.com,www.tenisclubargentino.com/,,3 Salones - Cancha de Fútbol - 21 Canchas de Tenis,Secretaría de Deportes,POINT (24612.200812458505 76711.53240947817)
298,Club Tiro Federal Argentino,Club,Tiro Federal Argentino,Sede,Bowling - Circuito Aeróbico Dirigido - Fútbol - Gimnasia - Gimnasio - Hip Hop - Musculación - Tango - Tenis - Tiro,Del Libertador Av. 6935,Nuñez,13,4782-4000 Fax: 4782-4404,info@tfaba.com.ar,www.tfaba.com.ar,,Canchas de Tenis - Natatorio,Secretaría de Deportes,POINT (20749.9916447407 78981.74496043977)
